{
    "__comment": "Model generated using MrCrayfish's Model Creator (https://mrcrayfish.com/tools?id=mc)",
    "textures": {
        "yellow_concrete": "minecraft:block/yellow_concrete",
        "iron_block": "minecraft:block/iron_block",
        "black_concrete": "minecraft:block/black_concrete",
        "orange_concrete": "minecraft:block/orange_concrete"
    },
    "display": {
        "gui": {
            "rotation": [ 0, 121, 15 ],
            "translation": [ 0, -1, 0 ],
            "scale": [ 0.7, 0.7, 0.7 ]
        },
        "ground": {
            "rotation": [ 0, 0, 0 ],
            "translation": [ 0, 2, 0 ],
            "scale": [ 0.5, 0.5, 0.5 ]
        },
        "fixed": {
            "rotation": [ 0, 90, 0 ],
            "translation": [ 0, -2, 1 ],
            "scale": [ 1, 1, 1 ]
        },
        "head": {
            "rotation": [ 0, 90, 0 ],
            "translation": [ 0, 13, 7 ],
            "scale": [ 1, 1, 1 ]
        },
        "firstperson_righthand": {
            "rotation": [ 0, 85, 0 ],
            "translation": [ 1.13, 3.2, 1.13 ],
            "scale": [ 0.68, 0.8, 0.68 ]
        },
        "thirdperson_righthand": {
            "rotation": [ 0, 92, 0 ],
            "translation": [ 0, 2, 1 ],
            "scale": [ 0.55, 0.55, 0.55 ]
        }
    },
    "elements": [
        {
            "from": [ 7.4, 1.6, 7.4 ], 
            "to": [ 8.6, 6.6, 8.6 ], 
            "faces": {
                "north": { "texture": "#iron_block", "uv": [ 0, 0, 1.2, 5 ] },
                "east": { "texture": "#iron_block", "uv": [ 0, 0, 1.2, 5 ] },
                "south": { "texture": "#iron_block", "uv": [ 0, 0, 1.2, 5 ] },
                "west": { "texture": "#iron_block", "uv": [ 0, 0, 1.2, 5 ] }
            }
        },
        {
            "from": [ 7.2, 0, 7.2 ], 
            "to": [ 8.8, 1.6, 8.8 ], 
            "faces": {
                "north": { "texture": "#iron_block", "uv": [ 0, 0, 1.6, 1.6 ] },
                "east": { "texture": "#iron_block", "uv": [ 0, 0, 1.6, 1.6 ] },
                "south": { "texture": "#iron_block", "uv": [ 0, 0, 1.6, 1.6 ] },
                "west": { "texture": "#iron_block", "uv": [ 0, 0, 1.6, 1.6 ] },
                "up": { "texture": "#iron_block", "uv": [ 0, 0, 1.6, 1.6 ], "rotation": 270 },
                "down": { "texture": "#iron_block", "uv": [ 0, 0, 1.6, 1.6 ], "rotation": 270 }
            }
        },
        {
            "from": [ 5, 6.6, 7.3 ], 
            "to": [ 11, 7.6, 8.7 ], 
            "faces": {
                "north": { "texture": "#black_concrete", "uv": [ 0, 0, 6, 1 ] },
                "east": { "texture": "#black_concrete", "uv": [ 0, 0, 1.4, 1 ] },
                "south": { "texture": "#black_concrete", "uv": [ 0, 0, 6, 1 ] },
                "west": { "texture": "#black_concrete", "uv": [ 0, 0, 1.4, 1 ] },
                "up": { "texture": "#black_concrete", "uv": [ 0, 0, 1.4, 6 ], "rotation": 270 },
                "down": { "texture": "#black_concrete", "uv": [ 0, 0, 1.4, 6 ], "rotation": 270 }
            }
        },
        {
            "from": [ 7.4, 7.6, 7.5 ], 
            "to": [ 8.4, 8.6, 8.5 ], 
            "rotation": { "origin": [ 8, 8, 8 ], "axis": "z", "angle": -45.0 },
            "faces": {
                "north": { "texture": "#yellow_concrete", "uv": [ 7, 6, 8.2, 11 ] },
                "south": { "texture": "#yellow_concrete", "uv": [ 0, 0, 1.2, 5 ] }
            }
        },
        {
            "from": [ 6.4, 8.6, 7.5 ], 
            "to": [ 7.4, 9.6, 8.5 ], 
            "rotation": { "origin": [ 8, 8, 8 ], "axis": "z", "angle": -45.0 },
            "faces": {
                "north": { "texture": "#yellow_concrete", "uv": [ 0, 0, 1.2, 5 ] },
                "south": { "texture": "#yellow_concrete", "uv": [ 0, 0, 1.2, 5 ] },
                "west": { "texture": "#orange_concrete", "uv": [ 0, 0, 1.2, 5 ] }
            }
        },
        {
            "from": [ 5.4, 9.6, 7.5 ], 
            "to": [ 6.4, 10.6, 8.5 ], 
            "rotation": { "origin": [ 8, 8, 8 ], "axis": "z", "angle": -45.0 },
            "faces": {
                "north": { "texture": "#yellow_concrete", "uv": [ 0, 0, 1.2, 5 ] },
                "south": { "texture": "#yellow_concrete", "uv": [ 0, 0, 1.2, 5 ] }
            }
        },
        {
            "from": [ 4.4, 10.6, 7.5 ], 
            "to": [ 5.4, 11.6, 8.5 ], 
            "rotation": { "origin": [ 8, 8, 8 ], "axis": "z", "angle": -45.0 },
            "faces": {
                "north": { "texture": "#yellow_concrete", "uv": [ 0, 0, 1.2, 5 ] },
                "south": { "texture": "#yellow_concrete", "uv": [ 0, 0, 1.2, 5 ] }
            }
        },
        {
            "from": [ 3.4, 11.6, 7.5 ], 
            "to": [ 4.4, 12.6, 8.5 ], 
            "rotation": { "origin": [ 8, 8, 8 ], "axis": "z", "angle": -45.0 },
            "faces": {
                "north": { "texture": "#yellow_concrete", "uv": [ 0, 0, 1.2, 5 ] },
                "south": { "texture": "#yellow_concrete", "uv": [ 0, 0, 1.2, 5 ] }
            }
        },
        {
            "from": [ 2.4, 12.6, 7.5 ], 
            "to": [ 3.4, 13.6, 8.5 ], 
            "rotation": { "origin": [ 8, 8, 8 ], "axis": "z", "angle": -45.0 },
            "faces": {
                "north": { "texture": "#yellow_concrete", "uv": [ 0, 0, 1.2, 5 ] },
                "south": { "texture": "#yellow_concrete", "uv": [ 0, 0, 1.2, 5 ] }
            }
        },
        {
            "from": [ 1.4, 13.6, 7.5 ], 
            "to": [ 2.4, 14.6, 8.5 ], 
            "rotation": { "origin": [ 8, 8, 8 ], "axis": "z", "angle": -45.0 },
            "faces": {
                "north": { "texture": "#yellow_concrete", "uv": [ 0, 0, 1.2, 5 ] },
                "south": { "texture": "#yellow_concrete", "uv": [ 0, 0, 1.2, 5 ] }
            }
        },
        {
            "from": [ 0.4, 14.6, 7.5 ], 
            "to": [ 1.4, 15.6, 8.5 ], 
            "rotation": { "origin": [ 8, 8, 8 ], "axis": "z", "angle": -45.0 },
            "faces": {
                "north": { "texture": "#yellow_concrete", "uv": [ 0, 0, 1.2, 5 ] },
                "south": { "texture": "#yellow_concrete", "uv": [ 0, 0, 1.2, 5 ] }
            }
        },
        {
            "from": [ -0.6, 15.6, 7.5 ], 
            "to": [ 0.4, 16.6, 8.5 ], 
            "rotation": { "origin": [ 8, 8, 8 ], "axis": "z", "angle": -45.0 },
            "faces": {
                "north": { "texture": "#orange_concrete", "uv": [ 0, 0, 1.2, 5 ] },
                "south": { "texture": "#orange_concrete", "uv": [ 0, 0, 1.2, 5 ] },
                "west": { "texture": "#orange_concrete", "uv": [ 0, 0, 1.2, 5 ] },
                "up": { "texture": "#orange_concrete", "uv": [ 0, 0, 1.2, 1.2 ], "rotation": 270 }
            }
        },
        {
            "from": [ -0.6, 14.6, 7.5 ], 
            "to": [ 0.4, 15.6, 8.5 ], 
            "rotation": { "origin": [ 8, 8, 8 ], "axis": "z", "angle": -45.0 },
            "faces": {
                "north": { "texture": "#orange_concrete", "uv": [ 0, 0, 1.2, 5 ] },
                "south": { "texture": "#orange_concrete", "uv": [ 0, 0, 1.2, 5 ] },
                "west": { "texture": "#orange_concrete", "uv": [ 0, 0, 1.2, 5 ] }
            }
        },
        {
            "from": [ 0.4, 13.6, 7.5 ], 
            "to": [ 1.4, 14.6, 8.5 ], 
            "rotation": { "origin": [ 8, 8, 8 ], "axis": "z", "angle": -45.0 },
            "faces": {
                "north": { "texture": "#orange_concrete", "uv": [ 0, 0, 1.2, 5 ] },
                "south": { "texture": "#orange_concrete", "uv": [ 0, 0, 1.2, 5 ] }
            }
        },
        {
            "from": [ -0.6, 13.6, 7.5 ], 
            "to": [ 0.4, 14.6, 8.5 ], 
            "rotation": { "origin": [ 8, 8, 8 ], "axis": "z", "angle": -45.0 },
            "faces": {
                "north": { "texture": "#orange_concrete", "uv": [ 0, 0, 1.2, 5 ] },
                "south": { "texture": "#orange_concrete", "uv": [ 0, 0, 1.2, 5 ] },
                "west": { "texture": "#orange_concrete", "uv": [ 0, 0, 1.2, 5 ] }
            }
        },
        {
            "from": [ 0.4, 15.6, 7.5 ], 
            "to": [ 1.4, 16.6, 8.5 ], 
            "rotation": { "origin": [ 8, 8, 8 ], "axis": "z", "angle": -45.0 },
            "faces": {
                "north": { "texture": "#orange_concrete", "uv": [ 0, 0, 1.2, 5 ] },
                "south": { "texture": "#orange_concrete", "uv": [ 0, 0, 1.2, 5 ] },
                "up": { "texture": "#orange_concrete", "uv": [ 0, 0, 1.2, 1.2 ], "rotation": 270 }
            }
        },
        {
            "from": [ 1.4, 15.6, 7.5 ], 
            "to": [ 2.4, 16.6, 8.5 ], 
            "rotation": { "origin": [ 8, 8, 8 ], "axis": "z", "angle": -45.0 },
            "faces": {
                "north": { "texture": "#orange_concrete", "uv": [ 0, 0, 1.2, 5 ] },
                "east": { "texture": "#orange_concrete", "uv": [ 0, 0, 1.2, 5 ] },
                "south": { "texture": "#orange_concrete", "uv": [ 0, 0, 1.2, 5 ] },
                "up": { "texture": "#orange_concrete", "uv": [ 0, 0, 1.2, 1.2 ], "rotation": 270 }
            }
        },
        {
            "from": [ 1.4, 14.6, 7.5 ], 
            "to": [ 2.4, 15.6, 8.5 ], 
            "rotation": { "origin": [ 8, 8, 8 ], "axis": "z", "angle": -45.0 },
            "faces": {
                "north": { "texture": "#orange_concrete", "uv": [ 0, 0, 1.2, 5 ] },
                "south": { "texture": "#orange_concrete", "uv": [ 0, 0, 1.2, 5 ] }
            }
        },
        {
            "from": [ 2.4, 14.6, 7.5 ], 
            "to": [ 3.4, 15.6, 8.5 ], 
            "rotation": { "origin": [ 8, 8, 8 ], "axis": "z", "angle": -45.0 },
            "faces": {
                "north": { "texture": "#orange_concrete", "uv": [ 0, 0, 1.2, 5 ] },
                "east": { "texture": "#orange_concrete", "uv": [ 0, 0, 1.2, 5 ] },
                "south": { "texture": "#orange_concrete", "uv": [ 0, 0, 1.2, 5 ] },
                "up": { "texture": "#orange_concrete", "uv": [ 0, 0, 1.2, 1.2 ], "rotation": 270 }
            }
        },
        {
            "from": [ 2.4, 13.6, 7.5 ], 
            "to": [ 3.4, 14.6, 8.5 ], 
            "rotation": { "origin": [ 8, 8, 8 ], "axis": "z", "angle": -45.0 },
            "faces": {
                "north": { "texture": "#orange_concrete", "uv": [ 0, 0, 1.2, 5 ] },
                "south": { "texture": "#orange_concrete", "uv": [ 0, 0, 1.2, 5 ] }
            }
        },
        {
            "from": [ 3.4, 13.6, 7.5 ], 
            "to": [ 4.4, 14.6, 8.5 ], 
            "rotation": { "origin": [ 8, 8, 8 ], "axis": "z", "angle": -45.0 },
            "faces": {
                "north": { "texture": "#orange_concrete", "uv": [ 0, 0, 1.2, 5 ] },
                "east": { "texture": "#orange_concrete", "uv": [ 0, 0, 1.2, 5 ] },
                "south": { "texture": "#orange_concrete", "uv": [ 0, 0, 1.2, 5 ] },
                "up": { "texture": "#orange_concrete", "uv": [ 0, 0, 1.2, 1.2 ], "rotation": 270 }
            }
        },
        {
            "from": [ 3.4, 12.6, 7.5 ], 
            "to": [ 4.4, 13.6, 8.5 ], 
            "rotation": { "origin": [ 8, 8, 8 ], "axis": "z", "angle": -45.0 },
            "faces": {
                "north": { "texture": "#orange_concrete", "uv": [ 0, 0, 1.2, 5 ] },
                "south": { "texture": "#orange_concrete", "uv": [ 0, 0, 1.2, 5 ] }
            }
        },
        {
            "from": [ 4.4, 12.6, 7.5 ], 
            "to": [ 5.4, 13.6, 8.5 ], 
            "rotation": { "origin": [ 8, 8, 8 ], "axis": "z", "angle": -45.0 },
            "faces": {
                "north": { "texture": "#orange_concrete", "uv": [ 0, 0, 1.2, 5 ] },
                "east": { "texture": "#orange_concrete", "uv": [ 0, 0, 1.2, 5 ] },
                "south": { "texture": "#orange_concrete", "uv": [ 0, 0, 1.2, 5 ] },
                "up": { "texture": "#orange_concrete", "uv": [ 0, 0, 1.2, 1.2 ], "rotation": 270 }
            }
        },
        {
            "from": [ 4.4, 11.6, 7.5 ], 
            "to": [ 5.4, 12.6, 8.5 ], 
            "rotation": { "origin": [ 8, 8, 8 ], "axis": "z", "angle": -45.0 },
            "faces": {
                "north": { "texture": "#orange_concrete", "uv": [ 0, 0, 1.2, 5 ] },
                "south": { "texture": "#orange_concrete", "uv": [ 0, 0, 1.2, 5 ] }
            }
        },
        {
            "from": [ 5.4, 11.6, 7.5 ], 
            "to": [ 6.4, 12.6, 8.5 ], 
            "rotation": { "origin": [ 8, 8, 8 ], "axis": "z", "angle": -45.0 },
            "faces": {
                "north": { "texture": "#orange_concrete", "uv": [ 0, 0, 1.2, 5 ] },
                "east": { "texture": "#orange_concrete", "uv": [ 0, 0, 1.2, 5 ] },
                "south": { "texture": "#orange_concrete", "uv": [ 0, 0, 1.2, 5 ] },
                "up": { "texture": "#orange_concrete", "uv": [ 0, 0, 1.2, 1.2 ], "rotation": 270 }
            }
        },
        {
            "from": [ 5.4, 10.6, 7.5 ], 
            "to": [ 6.4, 11.6, 8.5 ], 
            "rotation": { "origin": [ 8, 8, 8 ], "axis": "z", "angle": -45.0 },
            "faces": {
                "north": { "texture": "#orange_concrete", "uv": [ 0, 0, 1.2, 5 ] },
                "south": { "texture": "#orange_concrete", "uv": [ 0, 0, 1.2, 5 ] }
            }
        },
        {
            "from": [ 6.4, 10.6, 7.5 ], 
            "to": [ 7.4, 11.6, 8.5 ], 
            "rotation": { "origin": [ 8, 8, 8 ], "axis": "z", "angle": -45.0 },
            "faces": {
                "north": { "texture": "#orange_concrete", "uv": [ 0, 0, 1.2, 5 ] },
                "east": { "texture": "#orange_concrete", "uv": [ 0, 0, 1.2, 5 ] },
                "south": { "texture": "#orange_concrete", "uv": [ 0, 0, 1.2, 5 ] },
                "up": { "texture": "#orange_concrete", "uv": [ 0, 0, 1.2, 1.2 ], "rotation": 270 }
            }
        },
        {
            "from": [ 6.4, 9.6, 7.5 ], 
            "to": [ 7.4, 10.6, 8.5 ], 
            "rotation": { "origin": [ 8, 8, 8 ], "axis": "z", "angle": -45.0 },
            "faces": {
                "north": { "texture": "#orange_concrete", "uv": [ 0, 0, 1.2, 5 ] },
                "south": { "texture": "#orange_concrete", "uv": [ 0, 0, 1.2, 5 ] }
            }
        },
        {
            "from": [ 7.4, 9.6, 7.5 ], 
            "to": [ 8.4, 10.6, 8.5 ], 
            "rotation": { "origin": [ 8, 8, 8 ], "axis": "z", "angle": -45.0 },
            "faces": {
                "north": { "texture": "#orange_concrete", "uv": [ 0, 0, 1.2, 5 ] },
                "east": { "texture": "#orange_concrete", "uv": [ 0, 0, 1.2, 5 ] },
                "south": { "texture": "#orange_concrete", "uv": [ 0, 0, 1.2, 5 ] },
                "up": { "texture": "#orange_concrete", "uv": [ 0, 0, 1.2, 1.2 ], "rotation": 270 }
            }
        },
        {
            "from": [ 7.4, 8.6, 7.5 ], 
            "to": [ 8.4, 9.6, 8.5 ], 
            "rotation": { "origin": [ 8, 8, 8 ], "axis": "z", "angle": -45.0 },
            "faces": {
                "north": { "texture": "#orange_concrete", "uv": [ 0, 0, 1.2, 5 ] },
                "south": { "texture": "#orange_concrete", "uv": [ 0, 0, 1.2, 5 ] }
            }
        },
        {
            "from": [ 1.4, 12.6, 7.5 ], 
            "to": [ 2.4, 13.6, 8.5 ], 
            "rotation": { "origin": [ 8, 8, 8 ], "axis": "z", "angle": -45.0 },
            "faces": {
                "north": { "texture": "#orange_concrete", "uv": [ 0, 0, 1.2, 5 ] },
                "south": { "texture": "#orange_concrete", "uv": [ 0, 0, 1.2, 5 ] }
            }
        },
        {
            "from": [ 0.4, 12.6, 7.5 ], 
            "to": [ 1.4, 13.6, 8.5 ], 
            "rotation": { "origin": [ 8, 8, 8 ], "axis": "z", "angle": -45.0 },
            "faces": {
                "north": { "texture": "#orange_concrete", "uv": [ 0, 0, 1.2, 5 ] },
                "south": { "texture": "#orange_concrete", "uv": [ 0, 0, 1.2, 5 ] },
                "west": { "texture": "#orange_concrete", "uv": [ 0, 0, 1.2, 5 ] },
                "down": { "texture": "#orange_concrete", "uv": [ 0, 0, 1.2, 1.2 ], "rotation": 270 }
            }
        },
        {
            "from": [ 1.4, 11.6, 7.5 ], 
            "to": [ 2.4, 12.6, 8.5 ], 
            "rotation": { "origin": [ 8, 8, 8 ], "axis": "z", "angle": -45.0 },
            "faces": {
                "north": { "texture": "#orange_concrete", "uv": [ 0, 0, 1.2, 5 ] },
                "south": { "texture": "#orange_concrete", "uv": [ 0, 0, 1.2, 5 ] },
                "west": { "texture": "#orange_concrete", "uv": [ 0, 0, 1.2, 5 ] },
                "down": { "texture": "#orange_concrete", "uv": [ 0, 0, 1.2, 1.2 ], "rotation": 270 }
            }
        },
        {
            "from": [ 2.4, 11.6, 7.5 ], 
            "to": [ 3.4, 12.6, 8.5 ], 
            "rotation": { "origin": [ 8, 8, 8 ], "axis": "z", "angle": -45.0 },
            "faces": {
                "north": { "texture": "#orange_concrete", "uv": [ 0, 0, 1.2, 5 ] },
                "south": { "texture": "#orange_concrete", "uv": [ 0, 0, 1.2, 5 ] }
            }
        },
        {
            "from": [ 2.4, 10.6, 7.5 ], 
            "to": [ 3.4, 11.6, 8.5 ], 
            "rotation": { "origin": [ 8, 8, 8 ], "axis": "z", "angle": -45.0 },
            "faces": {
                "north": { "texture": "#orange_concrete", "uv": [ 0, 0, 1.2, 5 ] },
                "south": { "texture": "#orange_concrete", "uv": [ 0, 0, 1.2, 5 ] },
                "west": { "texture": "#orange_concrete", "uv": [ 0, 0, 1.2, 5 ] },
                "down": { "texture": "#orange_concrete", "uv": [ 0, 0, 1.2, 1.2 ], "rotation": 270 }
            }
        },
        {
            "from": [ 3.4, 10.6, 7.5 ], 
            "to": [ 4.4, 11.6, 8.5 ], 
            "rotation": { "origin": [ 8, 8, 8 ], "axis": "z", "angle": -45.0 },
            "faces": {
                "north": { "texture": "#orange_concrete", "uv": [ 0, 0, 1.2, 5 ] },
                "south": { "texture": "#orange_concrete", "uv": [ 0, 0, 1.2, 5 ] }
            }
        },
        {
            "from": [ 3.4, 9.6, 7.5 ], 
            "to": [ 4.4, 10.6, 8.5 ], 
            "rotation": { "origin": [ 8, 8, 8 ], "axis": "z", "angle": -45.0 },
            "faces": {
                "north": { "texture": "#orange_concrete", "uv": [ 0, 0, 1.2, 5 ] },
                "south": { "texture": "#orange_concrete", "uv": [ 0, 0, 1.2, 5 ] },
                "west": { "texture": "#orange_concrete", "uv": [ 0, 0, 1.2, 5 ] },
                "down": { "texture": "#orange_concrete", "uv": [ 0, 0, 1.2, 1.2 ], "rotation": 270 }
            }
        },
        {
            "from": [ 4.4, 9.6, 7.5 ], 
            "to": [ 5.4, 10.6, 8.5 ], 
            "rotation": { "origin": [ 8, 8, 8 ], "axis": "z", "angle": -45.0 },
            "faces": {
                "north": { "texture": "#orange_concrete", "uv": [ 0, 0, 1.2, 5 ] },
                "south": { "texture": "#orange_concrete", "uv": [ 0, 0, 1.2, 5 ] }
            }
        },
        {
            "from": [ 4.4, 8.6, 7.5 ], 
            "to": [ 5.4, 9.6, 8.5 ], 
            "rotation": { "origin": [ 8, 8, 8 ], "axis": "z", "angle": -45.0 },
            "faces": {
                "north": { "texture": "#orange_concrete", "uv": [ 0, 0, 1.2, 5 ] },
                "south": { "texture": "#orange_concrete", "uv": [ 0, 0, 1.2, 5 ] },
                "west": { "texture": "#orange_concrete", "uv": [ 0, 0, 1.2, 5 ] },
                "down": { "texture": "#orange_concrete", "uv": [ 0, 0, 1.2, 1.2 ], "rotation": 270 }
            }
        },
        {
            "from": [ 5.4, 8.6, 7.5 ], 
            "to": [ 6.4, 9.6, 8.5 ], 
            "rotation": { "origin": [ 8, 8, 8 ], "axis": "z", "angle": -45.0 },
            "faces": {
                "north": { "texture": "#orange_concrete", "uv": [ 0, 0, 1.2, 5 ] },
                "south": { "texture": "#orange_concrete", "uv": [ 0, 0, 1.2, 5 ] }
            }
        },
        {
            "from": [ 5.4, 7.6, 7.5 ], 
            "to": [ 6.4, 8.6, 8.5 ], 
            "rotation": { "origin": [ 8, 8, 8 ], "axis": "z", "angle": -45.0 },
            "faces": {
                "north": { "texture": "#orange_concrete", "uv": [ 0, 0, 1.2, 5 ] },
                "south": { "texture": "#orange_concrete", "uv": [ 0, 0, 1.2, 5 ] },
                "west": { "texture": "#orange_concrete", "uv": [ 0, 0, 1.2, 5 ] },
                "down": { "texture": "#orange_concrete", "uv": [ 0, 0, 1.2, 1.2 ], "rotation": 270 }
            }
        },
        {
            "from": [ 6.4, 7.6, 7.5 ], 
            "to": [ 7.4, 8.6, 8.5 ], 
            "rotation": { "origin": [ 8, 8, 8 ], "axis": "z", "angle": -45.0 },
            "faces": {
                "north": { "texture": "#orange_concrete", "uv": [ 0, 0, 1.2, 5 ] },
                "south": { "texture": "#orange_concrete", "uv": [ 0, 0, 1.2, 5 ] }
            }
        },
        {
            "from": [ 6.4, 6.6, 7.5 ], 
            "to": [ 7.4, 7.6, 8.5 ], 
            "rotation": { "origin": [ 8, 8, 8 ], "axis": "z", "angle": -45.0 },
            "faces": {
                "north": { "texture": "#orange_concrete", "uv": [ 0, 0, 1.2, 5 ] },
                "east": { "texture": "#orange_concrete", "uv": [ 0, 0, 1.2, 5 ] },
                "south": { "texture": "#orange_concrete", "uv": [ 0, 0, 1.2, 5 ] },
                "west": { "texture": "#orange_concrete", "uv": [ 0, 0, 1.2, 5 ] },
                "up": { "texture": "#orange_concrete", "uv": [ 0, 0, 1.2, 1.2 ], "rotation": 270 },
                "down": { "texture": "#orange_concrete", "uv": [ 0, 0, 1.2, 1.2 ], "rotation": 270 }
            }
        },
        {
            "from": [ 7.4, 6.6, 7.5 ], 
            "to": [ 8.4, 7.6, 8.5 ], 
            "rotation": { "origin": [ 8, 8, 8 ], "axis": "z", "angle": -45.0 },
            "faces": {
                "north": { "texture": "#orange_concrete", "uv": [ 0, 0, 1.2, 5 ] },
                "south": { "texture": "#orange_concrete", "uv": [ 0, 0, 1.2, 5 ] }
            }
        },
        {
            "from": [ 8.4, 7.6, 7.5 ], 
            "to": [ 9.4, 8.6, 8.5 ], 
            "rotation": { "origin": [ 8, 8, 8 ], "axis": "z", "angle": -45.0 },
            "faces": {
                "north": { "texture": "#orange_concrete", "uv": [ 0, 0, 1.2, 5 ] },
                "south": { "texture": "#orange_concrete", "uv": [ 0, 0, 1.2, 5 ] }
            }
        },
        {
            "from": [ 8.4, 8.6, 7.5 ], 
            "to": [ 9.4, 9.6, 8.5 ], 
            "rotation": { "origin": [ 8, 8, 8 ], "axis": "z", "angle": -45.0 },
            "faces": {
                "north": { "texture": "#orange_concrete", "uv": [ 0, 0, 1.2, 5 ] },
                "east": { "texture": "#orange_concrete", "uv": [ 0, 0, 1.2, 5 ] },
                "south": { "texture": "#orange_concrete", "uv": [ 0, 0, 1.2, 5 ] },
                "up": { "texture": "#orange_concrete", "uv": [ 0, 0, 1.2, 1.2 ], "rotation": 270 }
            }
        }
    ]
}